[
    {
      "id": 1,
      "codigo": "FT-SST-001",
      "seccion": 1,
      "estandar": 2,
      "nombre": "Formato Evaluacion Inicial del SG-SST",
      "nombre_corto": " Evaluacion Inicial del SG-SST",
      "ubicacion": "E2.3.1",
      "tipo_documento": "formato",
      "enlace_modelo": "d",
      "sistema": "SGSST",
      "observaciones": "Documento Inicial",
      "estado": 1
    },
    {
      "id": 2,
      "codigo": "FT-SST-002",
      "seccion": 1,
      "estandar": 1,
      "nombre": "Formato Asignación Responsable del SG-SST",
      "nombre_corto": " Asignación Responsable del SG-SST",
      "ubicacion": "E1.1.1",
      "tipo_documento": "formato",
      "enlace_modelo": "d",
      "sistema": "SGSST",
      "observaciones": "Documento Inicial",
      "estado": 2
    },
    {
      "id": 3,
      "codigo": "FT-SST-003",
      "seccion": 1,
      "estandar": 1,
      "nombre": "Formato Evaluación de Funciones y Responsabilidades",
      "nombre_corto": " Evaluación de Funciones y Responsabilidades",
      "ubicacion": "E1.1.2",
      "tipo_documento": "formato",
      "enlace_modelo": "d",
      "sistema": "SGSST",
      "observaciones": "Documento Inicial",
      "estado": 3
    },
    {
      "id": 4,
      "codigo": "FT-SST-004",
      "seccion": 1,
      "estandar": 1,
      "nombre": "Formato Presupuesto del SG-SST",
      "nombre_corto": " Presupuesto del SG-SST",
      "ubicacion": "E1.1.3",
      "tipo_documento": "formato",
      "enlace_modelo": "d",
      "sistema": "SGSST",
      "observaciones": "Documento Inicial",
      "estado": 4
    },
    {
      "id": 5,
      "codigo": "FT-SST-005",
      "seccion": 1,
      "estandar": 1,
      "nombre": "Formato Listado de Trabajadores Dependientes y Contratistas",
      "nombre_corto": " Listado de Trabajadores Dependientes y Contratistas",
      "ubicacion": "E1.1.4",
      "tipo_documento": "formato",
      "enlace_modelo": "d",
      "sistema": "SGSST",
      "observaciones": "Documento Inicial",
      "estado": 5
    },
    {
      "id": 6,
      "codigo": "FT-SST-006",
      "seccion": 1,
      "estandar": 1,
      "nombre": "Formato Convocatoria  Elección del COPASST",
      "nombre_corto": " Convocatoria  Elección del COPASST",
      "ubicacion": "E1.1.6",
      "tipo_documento": "formato",
      "enlace_modelo": "d",
      "sistema": "SGSST",
      "observaciones": "Documento Inicial",
      "estado": 6
    },
    {
      "id": 7,
      "codigo": "FT-SST-007",
      "seccion": 1,
      "estandar": 1,
      "nombre": "Formato de Incripción de los Candidatos al COPASST",
      "nombre_corto": " de Incripción de los Candidatos al COPASST",
      "ubicacion": "E1.1.6",
      "tipo_documento": "formato",
      "enlace_modelo": "d",
      "sistema": "SGSST",
      "observaciones": "Documento Inicial",
      "estado": 7
    },
    {
      "id": 8,
      "codigo": "FT-SST-008",
      "seccion": 1,
      "estandar": 1,
      "nombre": "Formato para Votación Candidatos al COPASST",
      "nombre_corto": " para Votación Candidatos al COPASST",
      "ubicacion": "E1.1.6",
      "tipo_documento": "formato",
      "enlace_modelo": "d",
      "sistema": "SGSST",
      "observaciones": "Documento Inicial",
      "estado": 8
    },
    {
      "id": 9,
      "codigo": "FT-SST-009",
      "seccion": 1,
      "estandar": 1,
      "nombre": "Formato de Apertura Elección del COPASST",
      "nombre_corto": " de Apertura Elección del COPASST",
      "ubicacion": "E1.1.6",
      "tipo_documento": "formato",
      "enlace_modelo": "d",
      "sistema": "SGSST",
      "observaciones": "Documento Inicial",
      "estado": 9
    },
    {
      "id": 10,
      "codigo": "FT-SST-010",
      "seccion": 1,
      "estandar": 1,
      "nombre": "Formato de Registro de Votantes para Elección del COPASST",
      "nombre_corto": " de Registro de Votantes para Elección del COPASST",
      "ubicacion": "E1.1.6",
      "tipo_documento": "formato",
      "enlace_modelo": "d",
      "sistema": "SGSST",
      "observaciones": "Documento Inicial",
      "estado": 10
    },
    {
      "id": 11,
      "codigo": "FT-SST-011",
      "seccion": 1,
      "estandar": 1,
      "nombre": "Formato de Cierre de las Votaciones Elección del COPASST",
      "nombre_corto": " de Cierre de las Votaciones Elección del COPASST",
      "ubicacion": "E1.1.6",
      "tipo_documento": "formato",
      "enlace_modelo": "d",
      "sistema": "SGSST",
      "observaciones": "Documento Inicial",
      "estado": 11
    },
    {
      "id": 12,
      "codigo": "FT-SST-012",
      "seccion": 1,
      "estandar": 1,
      "nombre": "Formato de Acta de Conformación del COPASST",
      "nombre_corto": " de Acta de Conformación del COPASST",
      "ubicacion": "E1.1.6",
      "tipo_documento": "formato",
      "enlace_modelo": "d",
      "sistema": "SGSST",
      "observaciones": "Documento Inicial",
      "estado": 12
    },
    {
      "id": 13,
      "codigo": "FT-SST-013",
      "seccion": 1,
      "estandar": 1,
      "nombre": "Formato de Acta de Reunión del COPASST",
      "nombre_corto": " de Acta de Reunión del COPASST",
      "ubicacion": "E1.1.6",
      "tipo_documento": "formato",
      "enlace_modelo": "d",
      "sistema": "SGSST",
      "observaciones": "Documento Inicial",
      "estado": 13
    },
    {
      "id": 14,
      "codigo": "FT-SST-014",
      "seccion": 1,
      "estandar": 1,
      "nombre": "Formato Registro de Asistencia",
      "nombre_corto": " Registro de Asistencia",
      "ubicacion": "E1.1.7",
      "tipo_documento": "formato",
      "enlace_modelo": "d",
      "sistema": "SGSST",
      "observaciones": "Documento Inicial",
      "estado": 14
    },
    {
      "id": 15,
      "codigo": "FT-SST-015",
      "seccion": 1,
      "estandar": 1,
      "nombre": "Formato Convocatoria a Participar de la Elección de Comité de Convivencia Laboral",
      "nombre_corto": " Convocatoria Elección de Comité de Convivencia Laboral",
      "ubicacion": "E1.1.8",
      "tipo_documento": "formato",
      "enlace_modelo": "d",
      "sistema": "SGSST",
      "observaciones": "Documento Inicial",
      "estado": 15
    },
    {
      "id": 16,
      "codigo": "FT-SST-016",
      "seccion": 1,
      "estandar": 1,
      "nombre": "Formato de Incripción de los Candidatos al Comite de Convivencia Laboral",
      "nombre_corto": "Incripción de los Candidatos al Comite de Convivencia Laboral",
      "ubicacion": "E1.1.8",
      "tipo_documento": "formato",
      "enlace_modelo": "d",
      "sistema": "SGSST",
      "observaciones": "Documento Inicial",
      "estado": 16
    },
    {
      "id": 17,
      "codigo": "FT-SST-017",
      "seccion": 1,
      "estandar": 1,
      "nombre": "Formato para Votación Candidatos al Comite de Convivencia Laboral",
      "nombre_corto": " para Votación Candidatos al Comite de Convivencia Laboral",
      "ubicacion": "E1.1.8",
      "tipo_documento": "formato",
      "enlace_modelo": "d",
      "sistema": "SGSST",
      "observaciones": "Documento Inicial",
      "estado": 17
    },
    {
      "id": 18,
      "codigo": "FT-SST-018",
      "seccion": 1,
      "estandar": 1,
      "nombre": "Formato de Acta de Escrutinio y Votación del Comité de Convivencia Laboral",
      "nombre_corto": " Acta de Escrutinio y Votación Comité de Convivencia Laboral",
      "ubicacion": "E1.1.8",
      "tipo_documento": "formato",
      "enlace_modelo": "d",
      "sistema": "SGSST",
      "observaciones": "Documento Inicial",
      "estado": 18
    },
    {
      "id": 19,
      "codigo": "FT-SST-019",
      "seccion": 1,
      "estandar": 1,
      "nombre": "Formato Acta de Constitución del Comité de Convivencia Laboral",
      "nombre_corto": " Acta de Constitución del Comité de Convivencia Laboral",
      "ubicacion": "E1.1.8",
      "tipo_documento": "formato",
      "enlace_modelo": "d",
      "sistema": "SGSST",
      "observaciones": "Documento Inicial",
      "estado": 19
    },
    {
      "id": 20,
      "codigo": "FT-SST-020",
      "seccion": 1,
      "estandar": 1,
      "nombre": "Formato para Presentar Quejas Relacionadas con Situaciones de Conflicto",
      "nombre_corto": " para Presentar Quejas Relacionadas con Situaciones de Conflicto",
      "ubicacion": "E1.1.8",
      "tipo_documento": "formato",
      "enlace_modelo": "d",
      "sistema": "SGSST",
      "observaciones": "Documento Inicial",
      "estado": 20
    },
    {
      "id": 21,
      "codigo": "FT-SST-021",
      "seccion": 1,
      "estandar": 1,
      "nombre": "Formato Seguimiento Quejas Relacionadas con Situaciones de Conflicto",
      "nombre_corto": " Seguimiento Quejas Relacionadas con Situaciones de Conflicto",
      "ubicacion": "E1.1.8",
      "tipo_documento": "formato",
      "enlace_modelo": "d",
      "sistema": "SGSST",
      "observaciones": "Documento Inicial",
      "estado": 21
    },
    {
      "id": 22,
      "codigo": "FT-SST-022",
      "seccion": 1,
      "estandar": 1,
      "nombre": "Formato Acta de Compromisos",
      "nombre_corto": " Acta de Compromisos",
      "ubicacion": "E1.1.8",
      "tipo_documento": "formato",
      "enlace_modelo": "d",
      "sistema": "SGSST",
      "observaciones": "Documento Inicial",
      "estado": 22
    },
    {
      "id": 23,
      "codigo": "FT-SST-023",
      "seccion": 1,
      "estandar": 1,
      "nombre": "Formato Cronograma de Capacitación y Entrenamiento",
      "nombre_corto": " Cronograma de Capacitación y Entrenamiento",
      "ubicacion": "E1.2.1",
      "tipo_documento": "formato",
      "enlace_modelo": "d",
      "sistema": "SGSST",
      "observaciones": "Documento Inicial",
      "estado": 23
    },
    {
      "id": 24,
      "codigo": "FT-SST-024",
      "seccion": 1,
      "estandar": 1,
      "nombre": "Formato Matriz de Identificación de Peligros, Valoración de Riesgo y Determinación de Controles",
      "nombre_corto": " Matriz Identificación de Peligros, Valoración de Riesgo y Controles",
      "ubicacion": "E1.2.1",
      "tipo_documento": "formato",
      "enlace_modelo": "d",
      "sistema": "SGSST",
      "observaciones": "Documento Inicial",
      "estado": 24
    },
    {
      "id": 25,
      "codigo": "FT-SST-025",
      "seccion": 1,
      "estandar": 1,
      "nombre": "Formato de Inducción y Reinducción en SST",
      "nombre_corto": " de Inducción y Reinducción en SST",
      "ubicacion": "E1.2.2",
      "tipo_documento": "formato",
      "enlace_modelo": "d",
      "sistema": "SGSST",
      "observaciones": "Documento Inicial",
      "estado": 25
    },
    {
      "id": 26,
      "codigo": "FT-SST-026",
      "seccion": 1,
      "estandar": 1,
      "nombre": "Formato Evaluación Inducción y Reinducción de SST",
      "nombre_corto": " Evaluación Inducción y Reinducción de SST",
      "ubicacion": "E1.2.2",
      "tipo_documento": "formato",
      "enlace_modelo": "d",
      "sistema": "SGSST",
      "observaciones": "Documento Inicial",
      "estado": 26
    },
    {
      "id": 27,
      "codigo": "FT-SST-027",
      "seccion": 1,
      "estandar": 2,
      "nombre": "Formato Objetivos de Seguridad y Salud en el Trabajo",
      "nombre_corto": " Objetivos de Seguridad y Salud en el Trabajo",
      "ubicacion": "E2.2.1",
      "tipo_documento": "formato",
      "enlace_modelo": "d",
      "sistema": "SGSST",
      "observaciones": "Documento Inicial",
      "estado": 27
    },
    {
      "id": 28,
      "codigo": "FT-SST-028",
      "seccion": 1,
      "estandar": 2,
      "nombre": "Formato Matriz de Objetivos e Indicadores del SG-SST",
      "nombre_corto": " Matriz de Objetivos e Indicadores del SG-SST",
      "ubicacion": "E2.2.1",
      "tipo_documento": "formato",
      "enlace_modelo": "d",
      "sistema": "SGSST",
      "observaciones": "Documento Inicial",
      "estado": 28
    },
    {
      "id": 29,
      "codigo": "FT-SST-029",
      "seccion": 1,
      "estandar": 2,
      "nombre": "Formato Plan de Trabajo Anual",
      "nombre_corto": " Plan de Trabajo Anual",
      "ubicacion": "E2.4.1",
      "tipo_documento": "formato",
      "enlace_modelo": "d",
      "sistema": "SGSST",
      "observaciones": "Documento Inicial",
      "estado": 29
    },
    {
      "id": 30,
      "codigo": "FT-SST-030",
      "seccion": 1,
      "estandar": 2,
      "nombre": "Formato Solicitud de Creación, Modificación y Eliminación de Documentos",
      "nombre_corto": " Solicitud de Creación, Modificación y Eliminación de Documentos",
      "ubicacion": "E2.5.1",
      "tipo_documento": "formato",
      "enlace_modelo": "d",
      "sistema": "SGSST",
      "observaciones": "Documento Inicial",
      "estado": 30
    },
    {
      "id": 31,
      "codigo": "FT-SST-031",
      "seccion": 1,
      "estandar": 2,
      "nombre": "Formato Listado Maestro de Documentos y Registros",
      "nombre_corto": " Listado Maestro de Documentos y Registros",
      "ubicacion": "E2.5.1",
      "tipo_documento": "formato",
      "enlace_modelo": "d",
      "sistema": "SGSST",
      "observaciones": "Documento Inicial",
      "estado": 31
    },
    {
      "id": 32,
      "codigo": "FT-SST-032",
      "seccion": 1,
      "estandar": 2,
      "nombre": "Formato Informe de Rendición de Cuentas SG-SST",
      "nombre_corto": " Informe de Rendición de Cuentas SG-SST",
      "ubicacion": "E2.6.1",
      "tipo_documento": "formato",
      "enlace_modelo": "d",
      "sistema": "SGSST",
      "observaciones": "Documento Inicial",
      "estado": 32
    },
    {
      "id": 33,
      "codigo": "FT-SST-033",
      "seccion": 1,
      "estandar": 2,
      "nombre": "Formato Evaluación Rendición de Cuentas del SG-SST",
      "nombre_corto": " Evaluación Rendición de Cuentas del SG-SST",
      "ubicacion": "E2.6.1",
      "tipo_documento": "formato",
      "enlace_modelo": "d",
      "sistema": "SGSST",
      "observaciones": "Documento Inicial",
      "estado": 33
    },
    {
      "id": 34,
      "codigo": "FT-SST-034",
      "seccion": 1,
      "estandar": 2,
      "nombre": "Formato Matriz de Requisitos Legales",
      "nombre_corto": " Matriz de Requisitos Legales",
      "ubicacion": "E2.7.1",
      "tipo_documento": "formato",
      "enlace_modelo": "d",
      "sistema": "SGSST",
      "observaciones": "Documento Inicial",
      "estado": 34
    },
    {
      "id": 35,
      "codigo": "FT-SST-035",
      "seccion": 1,
      "estandar": 2,
      "nombre": "Formato Registro de Visitantes",
      "nombre_corto": " Registro de Visitantes",
      "ubicacion": "E2.8.1",
      "tipo_documento": "formato",
      "enlace_modelo": "d",
      "sistema": "SGSST",
      "observaciones": "Documento Inicial",
      "estado": 35
    },
    {
      "id": 36,
      "codigo": "FTSST036",
      "seccion": 1,
      "estandar": 2,
      "nombre": "Formato Reporte de AC Inseguras",
      "nombre_corto": " Reporte de AC Inseguras",
      "ubicacion": "E2.8.1",
      "tipo_documento": "formato",
      "enlace_modelo": "d",
      "sistema": "SGSST",
      "observaciones": "Documento Inicial",
      "estado": 36
    },
    {
      "id": 37,
      "codigo": "FTSST037",
      "seccion": 1,
      "estandar": 2,
      "nombre": "Formato Matriz Seguimiento de AC Inseguras",
      "nombre_corto": " Matriz Seguimiento de AC Inseguras",
      "ubicacion": "E2.8.1",
      "tipo_documento": "formato",
      "enlace_modelo": "d",
      "sistema": "SGSST",
      "observaciones": "Documento Inicial",
      "estado": 37
    },
    {
      "id": 38,
      "codigo": "FTSST038",
      "seccion": 1,
      "estandar": 2,
      "nombre": "Formato Matriz de Elementos de Protección Personal",
      "nombre_corto": " Matriz de Elementos de Protección Personal",
      "ubicacion": "E2.9.1",
      "tipo_documento": "formato",
      "enlace_modelo": "d",
      "sistema": "SGSST",
      "observaciones": "Documento Inicial",
      "estado": 38
    },
    {
      "id": 39,
      "codigo": "FTSST039",
      "seccion": 1,
      "estandar": 2,
      "nombre": "Formato Evaluación de Proveedores y Contratistas",
      "nombre_corto": " Evaluación de Proveedores y Contratistas",
      "ubicacion": "E2.10.1",
      "tipo_documento": "formato",
      "enlace_modelo": "d",
      "sistema": "SGSST",
      "observaciones": "Documento Inicial",
      "estado": 39
    },
    {
      "id": 40,
      "codigo": "FTSST040",
      "seccion": 1,
      "estandar": 2,
      "nombre": "Formato Matriz de Gestion de Proveedores y Contratistas",
      "nombre_corto": " Matriz de Gestion de Proveedores y Contratistas",
      "ubicacion": "E2.10.1",
      "tipo_documento": "formato",
      "enlace_modelo": "d",
      "sistema": "SGSST",
      "observaciones": "Documento Inicial",
      "estado": 40
    },
    {
      "id": 41,
      "codigo": "FTSST041",
      "seccion": 1,
      "estandar": 2,
      "nombre": "Formato Verificacion de Contratistas",
      "nombre_corto": " Verificacion de Contratistas",
      "ubicacion": "E2.10.1",
      "tipo_documento": "formato",
      "enlace_modelo": "d",
      "sistema": "SGSST",
      "observaciones": "Documento Inicial",
      "estado": 41
    },
    {
      "id": 42,
      "codigo": "FT-SST-042",
      "seccion": 1,
      "estandar": 2,
      "nombre": "Formato Resgistro de Solicitud y Autorización del Cambio",
      "nombre_corto": " Resgistro de Solicitud y Autorización del Cambio",
      "ubicacion": "E2.11.1",
      "tipo_documento": "formato",
      "enlace_modelo": "d",
      "sistema": "SGSST",
      "observaciones": "Documento Inicial",
      "estado": 42
    }
  ]