[
    {
      "ID": 1,
      "CODIGO": "FT-SST-001",
      "SECCION": 1,
      "ESTANDAR": 2,
      "NOMBRE": "Formato Evaluacion Inicial del SG-SST",
      "NOMBRE_CORTO": " Evaluacion Inicial del SG-SST",
      "UBICACION": "E.2.3.1",
      "TIPO_DOCUMENTO": "formato",
      "ENLACE_MODELO": "x",
      "SISTEMA": "SGSST",
      "OBSERVACIONES": "PRINCIPAL ",
      "ESTADO": 1
    },
    {
      "ID": 2,
      "CODIGO": "FT-SST-002",
      "SECCION": 1,
      "ESTANDAR": 1,
      "NOMBRE": "Formato Asignación Responsable del SG-SST",
      "NOMBRE_CORTO": " Asignación Responsable del SG-SST",
      "UBICACION": "E.1.1.1",
      "TIPO_DOCUMENTO": "formato",
      "ENLACE_MODELO": "x",
      "SISTEMA": "SGSST",
      "OBSERVACIONES": "PRINCIPAL ",
      "ESTADO": 1
    },
    {
      "ID": 3,
      "CODIGO": "FT-SST-003",
      "SECCION": 1,
      "ESTANDAR": 1,
      "NOMBRE": "Hoja de vida ",
      "NOMBRE_CORTO": "Hoja de vida ",
      "UBICACION": "E.1.1.1",
      "TIPO_DOCUMENTO": "Documento",
      "ENLACE_MODELO": "x",
      "SISTEMA": "SGSST",
      "OBSERVACIONES": "AUXILIAR ",
      "ESTADO": 1
    },
    {
      "ID": 4,
      "CODIGO": "FT-SST-004",
      "SECCION": 1,
      "ESTANDAR": 1,
      "NOMBRE": "Licencia en SST ",
      "NOMBRE_CORTO": "Licencia en SST ",
      "UBICACION": "E.1.1.1",
      "TIPO_DOCUMENTO": "Documento",
      "ENLACE_MODELO": "x",
      "SISTEMA": "SGSST",
      "OBSERVACIONES": "AUXILIAR ",
      "ESTADO": 1
    },
    {
      "ID": 5,
      "CODIGO": "FT-SST-005",
      "SECCION": 1,
      "ESTANDAR": 1,
      "NOMBRE": "Curso virtual de 50 horas",
      "NOMBRE_CORTO": "Curso virtual de 50 horas",
      "UBICACION": "E.1.1.1",
      "TIPO_DOCUMENTO": "Documento",
      "ENLACE_MODELO": "x",
      "SISTEMA": "SGSST",
      "OBSERVACIONES": "AUXILIAR ",
      "ESTADO": 1
    },
    {
      "ID": 6,
      "CODIGO": "FT-SST-006",
      "SECCION": 1,
      "ESTANDAR": 1,
      "NOMBRE": "Formato de comunicación de responsabilidades",
      "NOMBRE_CORTO": "Formato de comunicación de responsabilidades",
      "UBICACION": "E.1.1.1",
      "TIPO_DOCUMENTO": "Formato ",
      "ENLACE_MODELO": "x",
      "SISTEMA": "SGSST ",
      "OBSERVACIONES": "AUXILIAR ",
      "ESTADO": 1
    },
    {
      "ID": 7,
      "CODIGO": "ANR-SST-001",
      "SECCION": 1,
      "ESTANDAR": 1,
      "NOMBRE": "Matriz de roles y responsabilidades",
      "NOMBRE_CORTO": "Matriz de roles y responsabilidades (EXCEL)",
      "UBICACION": "E.1.1.2",
      "TIPO_DOCUMENTO": "Matriz",
      "ENLACE_MODELO": "x",
      "SISTEMA": "SGSST",
      "OBSERVACIONES": "PRINCIPAL ",
      "ESTADO": 1
    },
    {
      "ID": 8,
      "CODIGO": "MAN-SST-001",
      "SECCION": 1,
      "ESTANDAR": 1,
      "NOMBRE": "Manual de responsabilidades en SST",
      "NOMBRE_CORTO": "Manual de vresponsabilidades en SST",
      "UBICACION": "E.1.1.2",
      "TIPO_DOCUMENTO": "Manual",
      "ENLACE_MODELO": "x",
      "SISTEMA": "SGSST",
      "OBSERVACIONES": "AUXILIAR ",
      "ESTADO": 1
    },
    {
      "ID": 9,
      "CODIGO": "PEI-SST-001",
      "SECCION": 1,
      "ESTANDAR": 1,
      "NOMBRE": "Procedimiento de evaluación de competencias y responsabilidades",
      "NOMBRE_CORTO": "Procedimiento de evaluación de competencias",
      "UBICACION": "E.1.1.2",
      "TIPO_DOCUMENTO": "Procedimiento ",
      "ENLACE_MODELO": "x",
      "SISTEMA": "SGSST",
      "OBSERVACIONES": "AUXILIAR ",
      "ESTADO": 1
    },
    {
      "ID": 10,
      "CODIGO": "FT-SST-007",
      "SECCION": 1,
      "ESTANDAR": 1,
      "NOMBRE": "Formato de evaluación de funciones y responsabilidades",
      "NOMBRE_CORTO": "Formato de evaluación de funciones y responsabilidades",
      "UBICACION": "E.1.1.2",
      "TIPO_DOCUMENTO": "Formato",
      "ENLACE_MODELO": "x",
      "SISTEMA": "SGSST",
      "OBSERVACIONES": "AUXILIAR ",
      "ESTADO": 1
    },
    {
      "ID": 11,
      "CODIGO": "FT-SST-008",
      "SECCION": 1,
      "ESTANDAR": 1,
      "NOMBRE": "Formato de asignación de recursos ",
      "NOMBRE_CORTO": "Formato de asignación de recursos ",
      "UBICACION": "E.1.1.3",
      "TIPO_DOCUMENTO": "Formato ",
      "ENLACE_MODELO": "x",
      "SISTEMA": "SGSST",
      "OBSERVACIONES": "PRINCIPAL ",
      "ESTADO": 1
    },
    {
      "ID": 12,
      "CODIGO": "FT-SST-009",
      "SECCION": 1,
      "ESTANDAR": 1,
      "NOMBRE": "Formato de presupuesto  del SG-SST ",
      "NOMBRE_CORTO": "Formato de presupuesto  del SG-SST ",
      "UBICACION": "E.1.1.3",
      "TIPO_DOCUMENTO": "Formato",
      "ENLACE_MODELO": "x",
      "SISTEMA": "SGSST",
      "OBSERVACIONES": "AUXILIAR ",
      "ESTADO": 1
    },
    {
      "ID": 13,
      "CODIGO": "FT-SST-010",
      "SECCION": 1,
      "ESTANDAR": 1,
      "NOMBRE": "Formato listado de trabajadores dependientes y contratistas ",
      "NOMBRE_CORTO": "Formato listado de trabajadores dependientes y contratistas ",
      "UBICACION": "E.1.1.4",
      "TIPO_DOCUMENTO": "Formato ",
      "ENLACE_MODELO": "x",
      "SISTEMA": "SGSST",
      "OBSERVACIONES": "PRINCIPAL ",
      "ESTADO": 1
    },
    {
      "ID": 14,
      "CODIGO": "FT-SST-011",
      "SECCION": 1,
      "ESTANDAR": 1,
      "NOMBRE": "Planilla de aportes al SGRL  de trabajadores directos de los ultimos 3 meses",
      "NOMBRE_CORTO": "Planilla de aportes al SGRL  de trabajadores directos de los ultimos 3 meses",
      "UBICACION": "E.1.1.4",
      "TIPO_DOCUMENTO": "Documento ",
      "ENLACE_MODELO": "x",
      "SISTEMA": "SGSST",
      "OBSERVACIONES": "AUXILIAR ",
      "ESTADO": 1
    },
    {
      "ID": 15,
      "CODIGO": "FT-SST-012",
      "SECCION": 1,
      "ESTANDAR": 1,
      "NOMBRE": "Planilla de aportes al SGRL  de trabajadores por OPS  de los ultimos 3 meses",
      "NOMBRE_CORTO": "Planilla de aportes al SGRL  de trabajadores por OPS  de los ultimos 3 meses",
      "UBICACION": "E.1.1.4",
      "TIPO_DOCUMENTO": "Documento ",
      "ENLACE_MODELO": "x",
      "SISTEMA": "SGSST",
      "OBSERVACIONES": "AUXILIAR ",
      "ESTADO": 1
    },
    {
      "ID": 16,
      "CODIGO": "FT-SST-013",
      "SECCION": 1,
      "ESTANDAR": 1,
      "NOMBRE": "Certificados de afiliación EPS,ARL,AFP  y  CCF",
      "NOMBRE_CORTO": "Certificados de afiliación EPS,ARL,AFP  y  CCF",
      "UBICACION": "E.1.1.4",
      "TIPO_DOCUMENTO": "Documento ",
      "ENLACE_MODELO": "x",
      "SISTEMA": "SGSST",
      "OBSERVACIONES": "AUXILIAR ",
      "ESTADO": 1
    },
    {
      "ID": 17,
      "CODIGO": "FT-SST-014",
      "SECCION": 1,
      "ESTANDAR": 1,
      "NOMBRE": "Formato listado de trabajadores que realizan actividades de alto riesgo",
      "NOMBRE_CORTO": "Formato listado de trabajadores que realizan actividades de alto riesgo",
      "UBICACION": "E.1.1.5",
      "TIPO_DOCUMENTO": "Formato ",
      "ENLACE_MODELO": "x",
      "SISTEMA": "SGSST",
      "OBSERVACIONES": "PRINCIPAL ",
      "ESTADO": 1
    },
    {
      "ID": 18,
      "CODIGO": "PEI-SST-002",
      "SECCION": 1,
      "ESTANDAR": 1,
      "NOMBRE": "Procedimiento de actividades de alto riesgo",
      "NOMBRE_CORTO": "Procedimiento de actividades de alto riesgo",
      "UBICACION": "E.1.1.5",
      "TIPO_DOCUMENTO": "Procedimiento ",
      "ENLACE_MODELO": "x",
      "SISTEMA": "SGSST ",
      "OBSERVACIONES": "NO EXISTE PEI",
      "ESTADO": 1
    },
    {
      "ID": 19,
      "CODIGO": "PEI-SST-003",
      "SECCION": 1,
      "ESTANDAR": 1,
      "NOMBRE": "Procedimiento de actividades de alto riesgo",
      "NOMBRE_CORTO": "Procedimiento de actividades de alto riesgo",
      "UBICACION": "E.1.1.5",
      "TIPO_DOCUMENTO": "Procedimiento ",
      "ENLACE_MODELO": "x",
      "SISTEMA": "SGSST ",
      "OBSERVACIONES": "NO EXISTE PEI",
      "ESTADO": 1
    },
    {
      "ID": 20,
      "CODIGO": "PEI-SST-004",
      "SECCION": 1,
      "ESTANDAR": 1,
      "NOMBRE": "Procedimiento de actividades de alto riesgo",
      "NOMBRE_CORTO": "Procedimiento de actividades de alto riesgo",
      "UBICACION": "E.1.1.5",
      "TIPO_DOCUMENTO": "Procedimiento ",
      "ENLACE_MODELO": "x",
      "SISTEMA": "SGSST ",
      "OBSERVACIONES": "NO EXISTE PEI",
      "ESTADO": 1
    },
    {
      "ID": 21,
      "CODIGO": "PEI-SST-005",
      "SECCION": 1,
      "ESTANDAR": 1,
      "NOMBRE": "Procedimiento de actividades de alto riesgo",
      "NOMBRE_CORTO": "Procedimiento de actividades de alto riesgo",
      "UBICACION": "E.1.1.5",
      "TIPO_DOCUMENTO": "Procedimiento ",
      "ENLACE_MODELO": "x",
      "SISTEMA": "SGSST ",
      "OBSERVACIONES": "NO EXISTE PEI",
      "ESTADO": 1
    },
    {
      "ID": 22,
      "CODIGO": "FT-SST-015",
      "SECCION": 1,
      "ESTANDAR": 1,
      "NOMBRE": "Certificado de aportes especiales al SGSS",
      "NOMBRE_CORTO": "Certificado de aportes especiales al SGSS",
      "UBICACION": "E.1.1.5",
      "TIPO_DOCUMENTO": "Documento ",
      "ENLACE_MODELO": "x",
      "SISTEMA": "SGSST",
      "OBSERVACIONES": "AUXILIAR ",
      "ESTADO": 1
    },
    {
      "ID": 23,
      "CODIGO": "FT-SST- 016",
      "SECCION": 1,
      "ESTANDAR": 1,
      "NOMBRE": "Formato acta de nombramiento del vigia de SST",
      "NOMBRE_CORTO": "Formato acta de nombramiento del vigia de SST",
      "UBICACION": "E.1.1.6",
      "TIPO_DOCUMENTO": "Formato ",
      "ENLACE_MODELO": "x",
      "SISTEMA": "SGSST",
      "OBSERVACIONES": "PRINCIPAL ",
      "ESTADO": 1
    },
    {
      "ID": 24,
      "CODIGO": "FT-SST-017",
      "SECCION": 1,
      "ESTANDAR": 1,
      "NOMBRE": "Formato acta de reunion del COPASST/VIGIA",
      "NOMBRE_CORTO": "Formato acta de reunion del vigia ",
      "UBICACION": "E.1.1.6",
      "TIPO_DOCUMENTO": "Formato ",
      "ENLACE_MODELO": "x",
      "SISTEMA": "SGSST",
      "OBSERVACIONES": "AUXILIAR ",
      "ESTADO": 1
    },
    {
      "ID": 25,
      "CODIGO": "FT-SST-018",
      "SECCION": 1,
      "ESTANDAR": 1,
      "NOMBRE": "Formato de convocatoria de elección de COPASST",
      "NOMBRE_CORTO": "Formato de convocatoria de elección de COPASST",
      "UBICACION": "E.1.1.6",
      "TIPO_DOCUMENTO": "Formato",
      "ENLACE_MODELO": "x",
      "SISTEMA": "SGSST",
      "OBSERVACIONES": "AUXILIAR ",
      "ESTADO": 1
    },
    {
      "ID": 26,
      "CODIGO": "PEI-SST-006",
      "SECCION": 1,
      "ESTANDAR": 1,
      "NOMBRE": "Procedimiento para elección y conformación del COPASST",
      "NOMBRE_CORTO": "Procedimiento para elección y conformación del COPASST",
      "UBICACION": "E.1.1.6",
      "TIPO_DOCUMENTO": "Procedimiento ",
      "ENLACE_MODELO": "x",
      "SISTEMA": "SGSST",
      "OBSERVACIONES": "AUXILIAR ",
      "ESTADO": 1
    },
    {
      "ID": 27,
      "CODIGO": "FT-SST-019",
      "SECCION": 1,
      "ESTANDAR": 1,
      "NOMBRE": "Formato de inscripción de candidatos al COPASST",
      "NOMBRE_CORTO": "Formato de inscripción de candidatos al COPASST",
      "UBICACION": "E.1.1.6",
      "TIPO_DOCUMENTO": "Formato ",
      "ENLACE_MODELO": "x",
      "SISTEMA": "SGSST",
      "OBSERVACIONES": "AUXILIAR ",
      "ESTADO": 1
    },
    {
      "ID": 28,
      "CODIGO": "FT-SST-020",
      "SECCION": 1,
      "ESTANDAR": 1,
      "NOMBRE": "Formato para votación de candidatos al COPASST",
      "NOMBRE_CORTO": "Formato para votación de candidatos al COPASST",
      "UBICACION": "E.1.1.6",
      "TIPO_DOCUMENTO": "Formato",
      "ENLACE_MODELO": "x",
      "SISTEMA": "SGSST",
      "OBSERVACIONES": "AUXILIAR ",
      "ESTADO": 1
    },
    {
      "ID": 29,
      "CODIGO": "FT-SST-021",
      "SECCION": 1,
      "ESTANDAR": 1,
      "NOMBRE": "Formato acta de apertura de elección de elección al COPASST ",
      "NOMBRE_CORTO": "Formato acta de apertura de elección de elección al COPASST ",
      "UBICACION": "E.1.1.6",
      "TIPO_DOCUMENTO": "Formato",
      "ENLACE_MODELO": "x",
      "SISTEMA": "SGSST",
      "OBSERVACIONES": "AUXILIAR ",
      "ESTADO": 1
    },
    {
      "ID": 30,
      "CODIGO": "FT-SST-022",
      "SECCION": 1,
      "ESTANDAR": 1,
      "NOMBRE": "Formato Acta de cierre de elecciones del COPASST",
      "NOMBRE_CORTO": "Formato Acta de cierre de elecciones del COPASST",
      "UBICACION": "E.1.1.6",
      "TIPO_DOCUMENTO": "Formato",
      "ENLACE_MODELO": "x",
      "SISTEMA": "SGSST",
      "OBSERVACIONES": "AUXILIAR ",
      "ESTADO": 1
    },
    {
      "ID": 31,
      "CODIGO": "FT-SST-023",
      "SECCION": 1,
      "ESTANDAR": 1,
      "NOMBRE": "Formato acta de conformación del COPASST ",
      "NOMBRE_CORTO": "Formato acta de conformación del COPASST ",
      "UBICACION": "E.1.1.6",
      "TIPO_DOCUMENTO": "Formato",
      "ENLACE_MODELO": "x",
      "SISTEMA": "SGSST",
      "OBSERVACIONES": "AUXILIAR ",
      "ESTADO": 1
    },
    {
      "ID": 32,
      "CODIGO": "FT-SST-024",
      "SECCION": 1,
      "ESTANDAR": 1,
      "NOMBRE": "Formato de cronograma de actividades del COPASST/VIGIA  ",
      "NOMBRE_CORTO": "Formato de cronograma de actividades del COPASST/VIGIA ",
      "UBICACION": "E.1.1.6",
      "TIPO_DOCUMENTO": "Formato ",
      "ENLACE_MODELO": "x",
      "SISTEMA": "SGSST",
      "OBSERVACIONES": "AUXILIAR ",
      "ESTADO": 1
    },
    {
      "ID": 33,
      "CODIGO": "FT-SST-025",
      "SECCION": 1,
      "ESTANDAR": 1,
      "NOMBRE": "Cronograma de capacitaciones.",
      "NOMBRE_CORTO": "Cronograma de capacitaciones.",
      "UBICACION": "E.1.1.7",
      "TIPO_DOCUMENTO": "Formato",
      "ENLACE_MODELO": "x",
      "SISTEMA": "SGSST",
      "OBSERVACIONES": "PRINCIPAL",
      "ESTADO": 1
    },
    {
      "ID": 35,
      "CODIGO": "FT-SST-025-1",
      "SECCION": 1,
      "ESTANDAR": 1,
      "NOMBRE": "Registro de asistencia ",
      "NOMBRE_CORTO": "Registro de asistencia",
      "UBICACION": "E.1.1.7",
      "TIPO_DOCUMENTO": "Formato ",
      "ENLACE_MODELO": "x",
      "SISTEMA": "SGSST",
      "OBSERVACIONES": "AUXILIAR ",
      "ESTADO": 1
    },
    {
      "ID": 34,
      "CODIGO": "FT-SST-026",
      "SECCION": 1,
      "ESTANDAR": 1,
      "NOMBRE": "Curso virtual de 50 horas del VIGIA ",
      "NOMBRE_CORTO": "Curso virtual de 50 horas del VIGIA ",
      "UBICACION": "E.1.1.7",
      "TIPO_DOCUMENTO": "Documento",
      "ENLACE_MODELO": "x",
      "SISTEMA": "SGSST",
      "OBSERVACIONES": "AUXILIAR ",
      "ESTADO": 1
    },
    {
      "ID": 36,
      "CODIGO": "FT-SST-027",
      "SECCION": 1,
      "ESTANDAR": 1,
      "NOMBRE": "Formato acta de nombramiento del comité de convivencia laboral",
      "NOMBRE_CORTO": "Acta de nombramiento del comité de convivencia laboral",
      "UBICACION": "E.1.1.8",
      "TIPO_DOCUMENTO": "Formato",
      "ENLACE_MODELO": "x",
      "SISTEMA": "SGSST",
      "OBSERVACIONES": "PRINCIPAL",
      "ESTADO": 1
    },
    {
      "ID": 37,
      "CODIGO": "FT-SST-028",
      "SECCION": 1,
      "ESTANDAR": 1,
      "NOMBRE": "Formato Acta de reunión del comité de convivencia laboral ",
      "NOMBRE_CORTO": "Acta de reunión del comité de convivencia laboral ",
      "UBICACION": "E.1.1.8",
      "TIPO_DOCUMENTO": "Formato",
      "ENLACE_MODELO": "x",
      "SISTEMA": "SGSST",
      "OBSERVACIONES": "AUXILIAR ",
      "ESTADO": 1
    },
    {
      "ID": 38,
      "CODIGO": "FT-SST-029",
      "SECCION": 1,
      "ESTANDAR": 1,
      "NOMBRE": "Formato acta de apertura de elecciones COVILA ",
      "NOMBRE_CORTO": "Formato acta de apertura de elecciones COVILA ",
      "UBICACION": "E.1.1.8",
      "TIPO_DOCUMENTO": "Formato",
      "ENLACE_MODELO": "x",
      "SISTEMA": "SGSST",
      "OBSERVACIONES": "AUXILIAR ",
      "ESTADO": 1
    },
    {
      "ID": 39,
      "CODIGO": "FT-SST-030",
      "SECCION": 1,
      "ESTANDAR": 1,
      "NOMBRE": "Formato acta de asistencia registro de votantes",
      "NOMBRE_CORTO": "Formato acta de asistencia registro de votantes",
      "UBICACION": "E.1.1.8",
      "TIPO_DOCUMENTO": "Formato",
      "ENLACE_MODELO": "x",
      "SISTEMA": "SGSST",
      "OBSERVACIONES": "AUXILIAR ",
      "ESTADO": 1
    },
    {
      "ID": 40,
      "CODIGO": "FT-SST-031",
      "SECCION": 1,
      "ESTANDAR": 1,
      "NOMBRE": "Formato acta de convocatoria elección de COVILA",
      "NOMBRE_CORTO": "Formato acta de convocatoria elección de COVILA",
      "UBICACION": "E.1.1.8",
      "TIPO_DOCUMENTO": "Formato",
      "ENLACE_MODELO": "x",
      "SISTEMA": "SGSST",
      "OBSERVACIONES": "AUXILIAR ",
      "ESTADO": 1
    },
    {
      "ID": 41,
      "CODIGO": "FT-SST-032",
      "SECCION": 1,
      "ESTANDAR": 1,
      "NOMBRE": "Formato acta de registro de candidatos ",
      "NOMBRE_CORTO": "Formato acta de registro de candidatos ",
      "UBICACION": "E1.1.8",
      "TIPO_DOCUMENTO": "Formato",
      "ENLACE_MODELO": "x",
      "SISTEMA": "SGSST",
      "OBSERVACIONES": "AUXILIAR ",
      "ESTADO": 1
    },
    {
      "ID": 42,
      "CODIGO": "FT-SST-033",
      "SECCION": 1,
      "ESTANDAR": 1,
      "NOMBRE": "Formato acta de constitución del comité de convivencia laboral",
      "NOMBRE_CORTO": "Formato acta de constitución del comité de convivencia laboral",
      "UBICACION": "E1.1.8",
      "TIPO_DOCUMENTO": "Formato",
      "ENLACE_MODELO": "x",
      "SISTEMA": "SGSST",
      "OBSERVACIONES": "AUXILIAR ",
      "ESTADO": 1
    },
    {
      "ID": 43,
      "CODIGO": "FT-SST-034",
      "SECCION": 1,
      "ESTANDAR": 1,
      "NOMBRE": "Formato acta de convocatoria de inscripción de candidatos al COVILA ",
      "NOMBRE_CORTO": "Formato acta de convocatoria de inscripción de candidatos al COVILA ",
      "UBICACION": "E.1.1.8",
      "TIPO_DOCUMENTO": "Formato",
      "ENLACE_MODELO": "x",
      "SISTEMA": "SGSST",
      "OBSERVACIONES": "AUXILIAR ",
      "ESTADO": 1
    },
    {
      "ID": 44,
      "CODIGO": "FT-SST-035",
      "SECCION": 1,
      "ESTANDAR": 1,
      "NOMBRE": "Formato tarjeton eleccion COVILA.",
      "NOMBRE_CORTO": "Formato tarjeton eleccion COVILA.",
      "UBICACION": "E.1.1.8",
      "TIPO_DOCUMENTO": "Formato",
      "ENLACE_MODELO": "x",
      "SISTEMA": "SGSST",
      "OBSERVACIONES": "AUXILIAR ",
      "ESTADO": 1
    },
    {
      "ID": 45,
      "CODIGO": "FT-SST-036",
      "SECCION": 1,
      "ESTANDAR": 1,
      "NOMBRE": "Formato Acta de cierre de elecciones del COVILA",
      "NOMBRE_CORTO": "Formato Acta de cierre de elecciones del COVILA",
      "UBICACION": "E.1.1.8",
      "TIPO_DOCUMENTO": "Formato",
      "ENLACE_MODELO": "x",
      "SISTEMA": "SGSST",
      "OBSERVACIONES": "AUXILIAR ",
      "ESTADO": 1
    },
    {
      "ID": 46,
      "CODIGO": "PEI-SST-007",
      "SECCION": 1,
      "ESTANDAR": 1,
      "NOMBRE": "Procediemiento eleccion COVILA",
      "NOMBRE_CORTO": "Procediemiento eleccion COVILA",
      "UBICACION": "E.1.1.8",
      "TIPO_DOCUMENTO": "Procedimiento ",
      "ENLACE_MODELO": "x",
      "SISTEMA": "SGSST",
      "OBSERVACIONES": "AUXILIAR ",
      "ESTADO": 1
    },
    {
      "ID": 47,
      "CODIGO": "PRG-SST-001",
      "SECCION": 1,
      "ESTANDAR": 1,
      "NOMBRE": "Programa de capacitación y entrenamiento ",
      "NOMBRE_CORTO": "Programa de capacitación y entrenamiento ",
      "UBICACION": "E.1.2.1",
      "TIPO_DOCUMENTO": "Programa",
      "ENLACE_MODELO": "x",
      "SISTEMA": "SGSST",
      "OBSERVACIONES": "PRINCIPAL",
      "ESTADO": 1
    },
    {
      "ID": 48,
      "CODIGO": "FT-SST-037",
      "SECCION": 1,
      "ESTANDAR": 1,
      "NOMBRE": "Formato acta de asistencia a capacitaciones ",
      "NOMBRE_CORTO": "Formato acta de asistencia a capacitaciones ",
      "UBICACION": "E.1.2.1",
      "TIPO_DOCUMENTO": "Formato",
      "ENLACE_MODELO": "x",
      "SISTEMA": "SGSST",
      "OBSERVACIONES": "AUXILIAR ",
      "ESTADO": 1
    },
    {
      "ID": 49,
      "CODIGO": "FT-SST-038",
      "SECCION": 1,
      "ESTANDAR": 1,
      "NOMBRE": "Formato de cronograma de capacitaciones y entrenamiento",
      "NOMBRE_CORTO": "Formato de cronograma de capacitaciones y entrenamiento",
      "UBICACION": "E.1.2.1",
      "TIPO_DOCUMENTO": "Formato",
      "ENLACE_MODELO": "x",
      "SISTEMA": "SGSST",
      "OBSERVACIONES": "AUXILIAR ",
      "ESTADO": 1
    },
    {
      "ID": 50,
      "CODIGO": "FT-SST-039",
      "SECCION": 1,
      "ESTANDAR": 1,
      "NOMBRE": "Certificados de idoneidad o competencias de los capacitadores",
      "NOMBRE_CORTO": "Certificados de idoneidad o competencias de los capacitadores",
      "UBICACION": "E.1.2.1",
      "TIPO_DOCUMENTO": "Documento",
      "ENLACE_MODELO": "x",
      "SISTEMA": "SGSST",
      "OBSERVACIONES": "AUXILIAR ",
      "ESTADO": 1
    },
    {
      "ID": 51,
      "CODIGO": "FT-SST-040",
      "SECCION": 1,
      "ESTANDAR": 1,
      "NOMBRE": "Formato de evaluación de efectividad de las capacitaciones",
      "NOMBRE_CORTO": "Formato de evaluación de efectividad de las capacitaciones",
      "UBICACION": "E.1.2.1",
      "TIPO_DOCUMENTO": "Formato",
      "ENLACE_MODELO": "x",
      "SISTEMA": "SGSST",
      "OBSERVACIONES": "AUXILIAR ",
      "ESTADO": 1
    },
    {
      "ID": 52,
      "CODIGO": "PRG-SST-002",
      "SECCION": 1,
      "ESTANDAR": 1,
      "NOMBRE": "Programa de Inducción y Reinducción ",
      "NOMBRE_CORTO": "Programa de Inducción y Reinducción ",
      "UBICACION": "E.1.2.2",
      "TIPO_DOCUMENTO": "Programa ",
      "ENLACE_MODELO": "x",
      "SISTEMA": "SGSST",
      "OBSERVACIONES": "PRINCIPAL",
      "ESTADO": 1
    },
    {
      "ID": 53,
      "CODIGO": "FT-SST-041",
      "SECCION": 1,
      "ESTANDAR": 1,
      "NOMBRE": "Formato registro de la inducción ",
      "NOMBRE_CORTO": "Formato registro de la inducción ",
      "UBICACION": "E.1.2.2",
      "TIPO_DOCUMENTO": "Formato",
      "ENLACE_MODELO": "x",
      "SISTEMA": "SGSST",
      "OBSERVACIONES": "AUXILIAR ",
      "ESTADO": 1
    },
    {
      "ID": 54,
      "CODIGO": "FT-SST-042",
      "SECCION": 1,
      "ESTANDAR": 1,
      "NOMBRE": "Formato de evaluación de Inducción y reinducción ",
      "NOMBRE_CORTO": "Formato de evaluación de Inducción y reinducción ",
      "UBICACION": "E.1.2.2",
      "TIPO_DOCUMENTO": "Formato",
      "ENLACE_MODELO": "x",
      "SISTEMA": "SGSST",
      "OBSERVACIONES": "AUXILIAR ",
      "ESTADO": 1
    },
    {
      "ID": 55,
      "CODIGO": "FT-SST-043",
      "SECCION": 1,
      "ESTANDAR": 1,
      "NOMBRE": "Curso virtual de 50 horas para el responsable de SG-SST",
      "NOMBRE_CORTO": "Curso virtual de 50 horas para el responsable de SG-SST",
      "UBICACION": "E.1.2.3",
      "TIPO_DOCUMENTO": "Documento",
      "ENLACE_MODELO": "x",
      "SISTEMA": "SGSST",
      "OBSERVACIONES": "Principal",
      "ESTADO": 1
    },
    {
      "ID": 56,
      "CODIGO": "PL-SST-001",
      "SECCION": 1,
      "ESTANDAR": 1,
      "NOMBRE": "Politica de Seguridad y salud en el trabajo ",
      "NOMBRE_CORTO": "Politica de SST",
      "UBICACION": "E.2.1.1",
      "TIPO_DOCUMENTO": "Politica de SST ",
      "ENLACE_MODELO": "x",
      "SISTEMA": "SGSST",
      "OBSERVACIONES": "Principal",
      "ESTADO": 1
    }
  ]